date,Open,High,Low,Close,Volume,Close_Time,Quote_asset_volume,Number_of_trades,Taker_buy_base,Taker_buy_quote
2020-11-25 07:13:00,19215.67000000,19222.38000000,19187.63000000,19192.00000000,53.27406100,1606306439999,1023109.76185259,1217,19.49798300,374532.44167729
2020-11-25 07:14:00,19192.00000000,19195.10000000,19152.33000000,19163.88000000,94.62135100,1606306499999,1814487.29504843,2356,38.06263900,729830.46723614
2020-11-25 07:15:00,19163.88000000,19196.65000000,19161.11000000,19196.27000000,65.29351800,1606306559999,1252114.90212529,1833,41.74887100,800595.46675813
2020-11-25 07:16:00,19196.27000000,19196.65000000,19173.99000000,19181.40000000,56.05160200,1606306619999,1075379.78497565,1279,21.38330800,410197.49143875
2020-11-25 07:17:00,19181.40000000,19210.99000000,19181.39000000,19199.73000000,66.19713100,1606306679999,1270880.95396456,1378,47.05058500,903216.56948700
2020-11-25 07:18:00,19199.73000000,19225.83000000,19199.46000000,19206.49000000,75.41540500,1606306739999,1449223.55527897,969,36.27938100,697078.30755787
2020-11-25 07:19:00,19206.49000000,19222.61000000,19206.32000000,19219.58000000,48.95044800,1606306799999,940536.43295548,1090,35.35908600,679382.84397208
2020-11-25 07:20:00,19219.57000000,19219.98000000,19209.38000000,19212.18000000,26.66979300,1606306859999,512450.67004854,973,9.11932900,175240.29058142
2020-11-25 07:21:00,19211.70000000,19214.34000000,19200.00000000,19207.56000000,47.04813300,1606306919999,903587.03248300,1124,17.29069200,332063.77756782
2020-11-25 07:22:00,19207.56000000,19230.76000000,19205.50000000,19228.95000000,99.20970800,1606306979999,1906433.65394226,959,49.73973000,955761.90348688
2020-11-25 07:23:00,19228.95000000,19238.29000000,19213.23000000,19215.51000000,39.77828900,1606307039999,764658.46263816,1193,15.48347600,297677.42518344
2020-11-25 07:24:00,19215.51000000,19224.48000000,19194.61000000,19197.32000000,48.13874000,1606307099999,924831.67851950,1199,22.68356700,435809.03358613
2020-11-25 07:25:00,19197.32000000,19202.03000000,19185.56000000,19185.56000000,54.86484100,1606307159999,1053168.02091787,1196,22.86244800,438845.74765597
2020-11-25 07:26:00,19185.01000000,19200.25000000,19176.01000000,19200.25000000,32.14128700,1606307219999,616691.23478290,1228,19.35417800,371387.96097224
2020-11-25 07:27:00,19200.25000000,19225.18000000,19200.25000000,19219.83000000,45.13677600,1606307279999,867375.10193402,1217,27.75276900,533307.54562758
2020-11-25 07:28:00,19219.83000000,19222.67000000,19213.55000000,19222.65000000,42.62189300,1606307339999,819053.85511133,741,21.17595700,406921.87736817
2020-11-25 07:29:00,19222.65000000,19235.91000000,19222.64000000,19229.20000000,29.48239300,1606307399999,566912.75618379,1124,15.93285700,306375.51369708
2020-11-25 07:30:00,19229.20000000,19231.00000000,19197.82000000,19205.74000000,72.39962800,1606307459999,1390978.26578859,1084,53.19845700,1022065.04047084
2020-11-25 07:31:00,19206.74000000,19219.00000000,19199.00000000,19215.39000000,44.91669700,1606307519999,862700.39959144,992,22.49393000,431990.34145693
2020-11-25 07:32:00,19215.40000000,19232.23000000,19215.40000000,19226.29000000,75.98028400,1606307579999,1460902.49747119,1191,33.33198200,640843.69743328
2020-11-25 07:33:00,19226.29000000,19248.46000000,19226.29000000,19247.15000000,52.73006300,1606307639999,1014467.83732929,1174,24.89740600,478957.54984597
2020-11-25 07:34:00,19247.15000000,19256.00000000,19230.64000000,19242.35000000,54.52840200,1606307699999,1049430.38920023,1110,26.68481500,513545.75410206
2020-11-25 07:35:00,19241.69000000,19252.77000000,19233.04000000,19233.05000000,54.49672700,1606307759999,1048826.91015755,1402,33.02145800,635507.10490917
2020-11-25 07:36:00,19233.04000000,19242.40000000,19223.15000000,19232.16000000,42.25558700,1606307819999,812711.80402112,1052,19.69225200,378704.70391393
2020-11-25 07:37:00,19232.17000000,19250.00000000,19224.51000000,19249.02000000,78.53135000,1606307879999,1510666.62359962,953,53.41918300,1027648.82007078
2020-11-25 07:38:00,19249.02000000,19251.34000000,19220.64000000,19224.71000000,57.63926600,1606307939999,1108952.64373991,978,20.35858300,391641.98170337
2020-11-25 07:39:00,19224.71000000,19245.50000000,19224.71000000,19238.00000000,45.46465200,1606307999999,874441.69765228,1015,29.16598400,560973.52025843
2020-11-25 07:40:00,19238.01000000,19238.42000000,19221.24000000,19226.46000000,44.06398400,1606308059999,847376.66512831,785,19.15938200,368424.00699473
2020-11-25 07:41:00,19226.47000000,19226.47000000,19217.60000000,19218.45000000,45.54395100,1606308119999,875428.00043454,940,30.43960400,585092.69316926
2020-11-25 07:42:00,19218.45000000,19239.78000000,19211.52000000,19239.78000000,40.90527500,1606308179999,786670.97523711,914,15.34949000,295118.42524177
2020-11-25 07:43:00,19239.78000000,19255.90000000,19238.99000000,19247.83000000,47.56087900,1606308239999,915437.40011903,1029,33.27280200,640416.88817437
2020-11-25 07:44:00,19247.84000000,19257.81000000,19247.83000000,19255.87000000,38.70590500,1606308299999,745238.53448748,1074,22.59401200,435018.65524808
2020-11-25 07:45:00,19255.88000000,19255.88000000,19247.91000000,19249.85000000,31.68662500,1606308359999,610076.96115722,681,14.51054900,279367.61618460
2020-11-25 07:46:00,19249.85000000,19255.83000000,19231.51000000,19255.39000000,28.83616600,1606308419999,554841.02549887,760,18.66086700,359044.86702611
2020-11-25 07:47:00,19255.39000000,19255.83000000,19241.89000000,19253.92000000,42.52894900,1606308479999,818668.85095437,1324,24.54325800,472432.01538942
2020-11-25 07:48:00,19253.92000000,19255.00000000,19241.78000000,19242.76000000,31.42372700,1606308539999,604829.32244962,938,13.15786000,253257.36292237
2020-11-25 07:49:00,19242.76000000,19260.69000000,19242.75000000,19256.33000000,53.43329900,1606308599999,1028859.71984382,1209,30.08435900,579259.76412153
2020-11-25 07:50:00,19256.32000000,19270.00000000,19251.16000000,19268.77000000,40.12153000,1606308659999,772948.91193810,1005,19.38613100,373471.75274927
2020-11-25 07:51:00,19268.77000000,19270.00000000,19258.95000000,19269.99000000,66.68751100,1606308719999,1284794.85458917,1249,41.79098700,805135.32022862
2020-11-25 07:52:00,19270.00000000,19283.64000000,19269.99000000,19279.27000000,57.58785000,1606308779999,1110017.27126256,1227,32.45200700,625542.06601920
2020-11-25 07:53:00,19279.27000000,19289.98000000,19279.27000000,19288.47000000,46.61542200,1606308839999,898958.25729303,1456,19.31675900,372500.86429143
2020-11-25 07:54:00,19288.47000000,19307.76000000,19288.47000000,19306.64000000,121.53718100,1606308899999,2345807.40099658,1718,78.11665100,1507693.20501244
2020-11-25 07:55:00,19306.64000000,19315.00000000,19302.87000000,19305.01000000,62.25071400,1606308959999,1202024.19479809,1380,30.27636800,584608.63149029
2020-11-25 07:56:00,19305.01000000,19307.75000000,19292.10000000,19302.62000000,60.32702300,1606309019999,1164369.66080093,1331,30.41005400,586943.68804396
2020-11-25 07:57:00,19302.62000000,19304.98000000,19296.41000000,19296.42000000,44.79758800,1606309079999,864676.01543563,1080,24.86133200,479874.35969181
2020-11-25 07:58:00,19296.42000000,19305.00000000,19294.64000000,19296.29000000,45.96555100,1606309139999,887091.89946670,935,24.81427200,478876.65786026
2020-11-25 07:59:00,19296.30000000,19303.09000000,19291.59000000,19291.59000000,98.70214300,1606309199999,1904736.88812811,967,39.84529200,768921.26962701
2020-11-25 08:00:00,19291.60000000,19291.60000000,19282.89000000,19282.90000000,34.11429400,1606309259999,657943.71293595,954,16.56850200,319546.65275967
2020-11-25 08:01:00,19282.90000000,19304.00000000,19275.83000000,19303.56000000,51.50539500,1606309319999,993733.77036907,1186,28.62191200,552207.61290338
2020-11-25 08:02:00,19303.56000000,19304.00000000,19283.65000000,19284.53000000,47.16841700,1606309379999,910032.21407320,1010,15.57330600,300530.01300524
2020-11-25 08:03:00,19284.52000000,19284.53000000,19273.19000000,19278.69000000,36.86715500,1606309439999,710688.42698601,796,20.09268400,387318.66410302
2020-11-25 08:04:00,19280.03000000,19280.03000000,19256.73000000,19256.73000000,38.22829800,1606309499999,736640.98551300,936,22.79737600,439285.39490845
2020-11-25 08:05:00,19256.72000000,19281.62000000,19256.72000000,19279.78000000,50.36093300,1606309559999,970466.05692513,1237,24.85812000,478984.02929620
2020-11-25 08:06:00,19279.79000000,19279.79000000,19263.36000000,19264.64000000,42.24000400,1606309619999,813868.58737214,775,16.06294300,309476.61273216
2020-11-25 08:07:00,19264.63000000,19270.00000000,19261.48000000,19265.03000000,39.31945500,1606309679999,757516.66184903,810,23.91162800,460662.14027352
2020-11-25 08:08:00,19265.04000000,19265.04000000,19250.15000000,19253.20000000,38.48235700,1606309739999,741144.64422614,865,13.26127000,255369.46267608
2020-11-25 08:09:00,19253.21000000,19259.49000000,19242.15000000,19248.43000000,65.60876900,1606309799999,1263041.18669025,995,32.02995600,616590.60215463
2020-11-25 08:10:00,19248.43000000,19248.43000000,19233.55000000,19233.55000000,73.10190900,1606309859999,1406463.68148330,1103,27.25178300,524332.96410691
2020-11-25 08:11:00,19233.55000000,19233.55000000,19203.00000000,19221.61000000,77.06190400,1606309919999,1480626.91364405,1563,30.87028900,593069.21142054
2020-11-25 08:12:00,19221.61000000,19230.73000000,19200.12000000,19204.45000000,52.31201300,1606309979999,1004922.91513573,1072,18.08487800,347412.11160431
2020-11-25 08:13:00,19204.45000000,19213.38000000,19176.62000000,19185.79000000,58.11779600,1606310039999,1115484.39209146,1338,27.95975100,536595.72466356
2020-11-25 08:14:00,19185.79000000,19209.97000000,19185.79000000,19204.02000000,44.58749000,1606310099999,856161.83817927,979,22.10631100,424457.53272477
2020-11-25 08:15:00,19204.02000000,19225.00000000,19203.18000000,19224.99000000,37.22506900,1606310159999,715243.44536632,941,26.38527900,506960.09895145
2020-11-25 08:16:00,19225.00000000,19225.00000000,19200.00000000,19219.11000000,45.69742300,1606310219999,877803.74114035,1082,28.10912400,539906.12545999
2020-11-25 08:17:00,19219.12000000,19230.00000000,19213.97000000,19213.98000000,45.98349600,1606310279999,883824.91435270,980,30.83349400,592591.36468237
2020-11-25 08:18:00,19213.98000000,19220.79000000,19198.71000000,19199.96000000,39.83759000,1606310339999,765332.14133324,640,19.88206100,381978.38591037
2020-11-25 08:19:00,19198.46000000,19200.00000000,19180.93000000,19183.80000000,62.39666900,1606310399999,1197524.93658866,876,28.03922100,538035.42408171
2020-11-25 08:20:00,19183.80000000,19202.63000000,19183.13000000,19202.63000000,49.68825500,1606310459999,953670.52759805,1039,26.26468800,504090.84189597
2020-11-25 08:21:00,19202.63000000,19210.48000000,19200.00000000,19203.44000000,33.73199800,1606310519999,647798.37411162,798,16.48906300,316643.25203348
2020-11-25 08:22:00,19203.43000000,19220.00000000,19200.01000000,19208.64000000,60.46298900,1606310579999,1161502.33697847,848,39.80539100,764656.06034493
2020-11-25 08:23:00,19208.64000000,19215.50000000,19201.00000000,19213.68000000,31.39691200,1606310639999,602981.64044298,776,18.23462400,350202.02328877
2020-11-25 08:24:00,19214.60000000,19221.09000000,19204.01000000,19204.01000000,51.42908100,1606310699999,988254.87734954,923,18.38211800,353226.54139661
2020-11-25 08:25:00,19204.01000000,19214.00000000,19200.00000000,19204.33000000,33.88195400,1606310759999,650703.39507940,778,20.20563600,388041.25287708
2020-11-25 08:26:00,19204.33000000,19222.92000000,19202.50000000,19222.26000000,52.03672300,1606310819999,999866.71341677,992,28.98629700,556938.55729094
2020-11-25 08:27:00,19222.26000000,19230.73000000,19213.82000000,19220.49000000,37.20035100,1606310879999,715134.23901514,960,17.74450200,341105.88491113
2020-11-25 08:28:00,19220.50000000,19228.53000000,19216.16000000,19223.40000000,27.64559100,1606310939999,531399.64802204,894,18.07832800,347495.04716876
2020-11-25 08:29:00,19223.40000000,19242.71000000,19223.37000000,19236.01000000,32.71827200,1606310999999,629358.23314889,775,12.83585600,246890.97203934
2020-11-25 08:30:00,19236.02000000,19242.90000000,19225.40000000,19239.35000000,43.41563200,1606311059999,835030.27890927,858,28.01226100,538729.11412851
2020-11-25 08:31:00,19239.35000000,19247.96000000,19231.61000000,19234.43000000,45.16034600,1606311119999,868890.94300083,947,26.17174900,503560.79753154
2020-11-25 08:32:00,19234.43000000,19250.00000000,19232.29000000,19248.03000000,41.01431000,1606311179999,789185.20910270,905,22.88054600,440284.41971194
2020-11-25 08:33:00,19248.02000000,19260.00000000,19246.31000000,19258.96000000,49.53193600,1606311239999,953688.07526848,1169,31.52841900,607046.32030918
2020-11-25 08:34:00,19258.96000000,19273.07000000,19258.95000000,19272.10000000,63.09716900,1606311299999,1215461.58222423,1261,39.59225600,762652.92842921
2020-11-25 08:35:00,19272.10000000,19274.61000000,19267.41000000,19270.28000000,37.21602300,1606311359999,717225.97268430,969,21.48929700,414138.72351083
2020-11-25 08:36:00,19270.27000000,19279.00000000,19267.42000000,19279.00000000,35.70124800,1606311419999,688126.38682358,860,21.89012500,421930.24997363
2020-11-25 08:37:00,19279.00000000,19285.50000000,19275.70000000,19285.50000000,25.99824600,1606311479999,501251.51500122,698,16.14313000,311245.13681376
2020-11-25 08:38:00,19285.49000000,19298.34000000,19285.49000000,19297.85000000,38.81292400,1606311539999,748809.93320854,1061,23.51594300,453670.24424287
2020-11-25 08:39:00,19297.86000000,19330.00000000,19294.01000000,19330.00000000,249.25805800,1606311599999,4814328.66507279,2059,199.94591000,3861900.78205249
2020-11-25 08:40:00,19330.00000000,19345.99000000,19329.99000000,19345.85000000,121.46692200,1606311659999,2349179.35769169,2490,80.72798100,1561271.99432618
2020-11-25 08:41:00,19345.85000000,19349.00000000,19312.44000000,19323.08000000,127.24919600,1606311719999,2459878.10411956,2026,63.64420400,1230189.42032016
2020-11-25 08:42:00,19323.09000000,19391.01000000,19323.09000000,19388.88000000,333.92340500,1606311779999,6466605.15475777,4274,241.61850800,4678963.62928363
2020-11-25 08:43:00,19388.88000000,19400.00000000,19353.21000000,19376.95000000,333.53478900,1606311839999,6466751.77647376,3652,198.35044300,3846156.57301674
2020-11-25 08:44:00,19376.95000000,19400.00000000,19375.10000000,19397.28000000,165.07391400,1606311899999,3201231.80756484,2599,114.91352400,2228560.46474410
2020-11-25 08:45:00,19397.28000000,19420.00000000,19388.35000000,19399.04000000,301.92194300,1606311959999,5858410.99205529,3885,223.36170100,4334099.38990087
2020-11-25 08:46:00,19397.01000000,19434.43000000,19388.97000000,19431.04000000,206.09328400,1606312019999,4002099.03080067,2853,146.90509800,2853044.18525902
2020-11-25 08:47:00,19431.04000000,19450.00000000,19425.00000000,19439.65000000,253.49416600,1606312079999,4928911.85867503,3614,153.66114100,2987972.00942174
2020-11-25 08:48:00,19439.65000000,19472.00000000,19438.48000000,19472.00000000,166.69336600,1606312139999,3243273.43903888,3249,104.23595100,2028140.80939684
2020-11-25 08:49:00,19471.99000000,19479.83000000,19450.00000000,19475.00000000,173.68407100,1606312199999,3381450.06468320,2598,115.17700600,2242566.56165181
2020-11-25 08:50:00,19475.00000000,19484.21000000,19441.03000000,19444.96000000,234.01902200,1606312259999,4556732.13999129,3230,144.44364300,2812909.58263041
2020-11-25 08:51:00,19444.95000000,19460.50000000,19316.00000000,19341.70000000,306.97419200,1606312319999,5948066.27954747,4983,123.76731500,2397364.70236456
2020-11-25 08:52:00,19341.76000000,19346.18000000,19171.15000000,19261.26000000,513.33319300,1606312379999,9875455.90460479,5824,241.65724000,4648630.67503047
2020-11-25 08:53:00,19261.26000000,19276.25000000,19200.00000000,19276.25000000,179.97171300,1606312439999,3461608.88084155,2963,114.34091500,2199267.82024793
2020-11-25 08:54:00,19271.47000000,19315.49000000,19261.20000000,19284.78000000,216.35098900,1606312499999,4173606.31347562,2438,100.05655000,1930088.95213944
2020-11-25 08:55:00,19285.48000000,19304.80000000,19229.42000000,19276.52000000,172.97122800,1606312559999,3331364.61012049,2975,80.50794200,1550513.29184768
2020-11-25 08:56:00,19274.09000000,19280.80000000,19220.01000000,19238.45000000,118.43629700,1606312619999,2279265.09855600,2448,43.59384500,839089.38241895
2020-11-25 08:57:00,19238.45000000,19238.45000000,19100.00000000,19100.00000000,308.30382200,1606312679999,5911552.73981427,4392,66.37983000,1273494.90001336
2020-11-25 08:58:00,19100.00000000,19183.03000000,19100.00000000,19176.32000000,301.71177600,1606312739999,5770642.42950440,3359,149.55283700,2860979.67621027
2020-11-25 08:59:00,19176.98000000,19226.24000000,19150.38000000,19198.55000000,154.46905900,1606312799999,2963399.57792856,2767,97.43741100,1869545.44020455
2020-11-25 09:00:00,19197.25000000,19207.38000000,19125.00000000,19132.39000000,126.44578900,1606312859999,2423615.89992661,2171,53.35827300,1022742.38057109
2020-11-25 09:01:00,19132.40000000,19222.00000000,19131.06000000,19221.99000000,142.55466000,1606312919999,2735881.95170331,2438,88.96167000,1707424.56789377
2020-11-25 09:02:00,19222.00000000,19222.41000000,19193.70000000,19216.03000000,84.04928400,1606312979999,1614946.91288000,1722,45.78486300,879785.19719267
2020-11-25 09:03:00,19216.04000000,19250.00000000,19202.14000000,19250.00000000,79.42561900,1606313039999,1527607.57679720,1556,48.57835500,934484.10358447
2020-11-25 09:04:00,19250.00000000,19295.00000000,19244.38000000,19263.00000000,143.48778200,1606313099999,2764852.81976055,2230,86.75154600,1671638.29314173
2020-11-25 09:05:00,19263.00000000,19263.01000000,19236.29000000,19260.73000000,78.93743200,1606313159999,1519758.08407755,1289,32.59699300,627499.78549885
2020-11-25 09:06:00,19260.74000000,19285.00000000,19260.73000000,19280.66000000,63.04000700,1606313219999,1214992.53022506,1304,23.82386500,459181.16865048
2020-11-25 09:07:00,19280.65000000,19314.17000000,19280.09000000,19300.00000000,86.72877500,1606313279999,1673720.23195345,1735,50.69668700,978342.60772311
2020-11-25 09:08:00,19300.00000000,19302.49000000,19251.00000000,19252.54000000,99.86732200,1606313339999,1925171.24408028,1501,37.33440600,719581.91137736
2020-11-25 09:09:00,19252.59000000,19272.34000000,19225.25000000,19270.99000000,71.39061000,1606313399999,1374305.75315270,1734,31.64901800,609301.08352526
2020-11-25 09:10:00,19270.99000000,19274.53000000,19250.51000000,19270.59000000,52.31477300,1606313459999,1007761.09055146,1159,25.03579900,482239.33543909
2020-11-25 09:11:00,19270.60000000,19270.60000000,19219.24000000,19222.94000000,57.68275000,1606313519999,1109912.66947580,1333,20.48877900,394158.61668904
2020-11-25 09:12:00,19223.91000000,19225.05000000,19180.00000000,19195.20000000,99.38359200,1606313579999,1908665.69545538,1479,31.50667600,605171.38994682
2020-11-25 09:13:00,19195.21000000,19195.21000000,19130.80000000,19165.00000000,123.59119200,1606313639999,2368305.39756334,2299,53.91572200,1033267.06808415
2020-11-25 09:14:00,19164.99000000,19200.00000000,19157.09000000,19178.71000000,104.12326000,1606313699999,1996458.90821891,1418,49.37883100,946850.32581391
2020-11-25 09:15:00,19178.72000000,19214.20000000,19157.82000000,19214.19000000,80.08498300,1606313759999,1535941.92051921,1454,45.96671900,881682.90773882
2020-11-25 09:16:00,19214.20000000,19219.34000000,19160.00000000,19163.23000000,92.55483300,1606313819999,1775718.39329544,1382,51.32483400,984405.29267275
2020-11-25 09:17:00,19163.23000000,19195.05000000,19140.01000000,19140.01000000,123.25208300,1606313879999,2362020.61604072,1620,36.45207100,698615.60178622
2020-11-25 09:18:00,19141.83000000,19178.88000000,19125.00000000,19169.99000000,111.68638100,1606313939999,2138391.01710969,1883,58.17231800,1113831.39645892
2020-11-25 09:19:00,19169.99000000,19176.63000000,19142.51000000,19175.46000000,59.50191400,1606313999999,1139837.14720198,1114,23.90776100,457942.69989942
2020-11-25 09:20:00,19175.46000000,19198.89000000,19175.46000000,19191.51000000,36.73959200,1606314059999,704968.61518712,1029,17.47677100,335326.98834350
2020-11-25 09:21:00,19191.50000000,19193.97000000,19165.53000000,19165.53000000,34.08313500,1606314119999,653609.56417223,744,12.14762100,232960.94758112
2020-11-25 09:22:00,19165.54000000,19176.63000000,19150.04000000,19176.63000000,44.70441800,1606314179999,856636.52743153,1161,15.87783700,304243.05615901
2020-11-25 09:23:00,19176.62000000,19215.61000000,19176.62000000,19199.79000000,61.15671200,1606314239999,1174134.75274095,1387,39.70322700,762226.12456883
2020-11-25 09:24:00,19199.78000000,19205.08000000,19155.11000000,19157.43000000,86.63032400,1606314299999,1661463.96730555,1270,33.55036400,643351.64012438
2020-11-25 09:25:00,19157.43000000,19173.48000000,19152.69000000,19173.44000000,38.13880200,1606314359999,730830.98094512,1031,16.66918600,319393.86540402
2020-11-25 09:26:00,19173.44000000,19194.00000000,19159.04000000,19167.92000000,62.60774500,1606314419999,1200866.12817606,1105,26.00818100,498822.67600363
2020-11-25 09:27:00,19167.91000000,19167.92000000,19132.08000000,19159.99000000,63.39606100,1606314479999,1213947.13299882,1253,20.46085800,391773.57826036
2020-11-25 09:28:00,19158.35000000,19166.66000000,19129.99000000,19129.99000000,73.39991400,1606314539999,1405207.27898632,1101,19.74438000,378035.99277837
2020-11-25 09:29:00,19129.99000000,19150.22000000,19129.94000000,19150.22000000,68.67966200,1606314599999,1314298.66371611,963,24.31631700,465345.63888256
2020-11-25 09:30:00,19150.22000000,19199.40000000,19150.22000000,19169.37000000,55.85894700,1606314659999,1071355.24059056,1228,31.67290200,607419.87328622
2020-11-25 09:31:00,19169.37000000,19197.56000000,19169.36000000,19178.08000000,52.92212800,1606314719999,1015208.09254445,919,33.51269600,642872.93949008
2020-11-25 09:32:00,19178.07000000,19187.70000000,19137.62000000,19137.77000000,34.54574800,1606314779999,661831.68236171,1070,11.82328600,226528.44430752
2020-11-25 09:33:00,19138.41000000,19166.62000000,19137.01000000,19148.65000000,100.66580100,1606314839999,1927637.09603260,1518,22.79723700,436584.58141087
2020-11-25 09:34:00,19148.64000000,19149.12000000,19128.53000000,19128.97000000,55.77132200,1606314899999,1067415.87602896,1278,23.03164700,440814.91274995
2020-11-25 09:35:00,19128.98000000,19183.54000000,19114.46000000,19183.54000000,102.07948200,1606314959999,1953950.97856760,1640,41.46215400,793716.02198971
2020-11-25 09:36:00,19183.54000000,19187.00000000,19163.40000000,19170.42000000,55.78606700,1606315019999,1069501.40351150,1003,26.09808500,500289.23485265
2020-11-25 09:37:00,19170.41000000,19188.88000000,19170.41000000,19186.25000000,55.99269700,1606315079999,1074165.08386857,1235,38.22835000,733395.40579112
2020-11-25 09:38:00,19185.75000000,19200.00000000,19181.07000000,19200.00000000,71.43644000,1606315139999,1370935.48370872,1163,46.25145300,887619.30219728
2020-11-25 09:39:00,19200.00000000,19212.10000000,19199.09000000,19205.00000000,70.18791800,1606315199999,1347919.69108027,1315,44.83518300,861005.97438548
2020-11-25 09:40:00,19205.00000000,19220.00000000,19200.00000000,19211.52000000,86.48356700,1606315259999,1661179.87553483,1033,30.32716800,582547.55076176
2020-11-25 09:41:00,19212.74000000,19220.00000000,19200.00000000,19200.00000000,34.41381000,1606315319999,661114.61217705,773,19.11136700,367184.53671008
2020-11-25 09:42:00,19200.01000000,19216.67000000,19200.00000000,19206.37000000,57.30767200,1606315379999,1100598.53343634,973,36.00559200,691449.80951084
2020-11-25 09:43:00,19206.38000000,19208.38000000,19200.00000000,19204.11000000,91.72563200,1606315439999,1761269.70398038,802,18.11291600,347811.65292218
2020-11-25 09:44:00,19204.10000000,19204.11000000,19188.34000000,19196.13000000,65.34486200,1606315499999,1254532.15556476,966,20.11024300,386081.54148080
2020-11-25 09:45:00,19196.14000000,19225.00000000,19193.51000000,19224.99000000,42.36995200,1606315559999,813883.80902081,1217,22.64813800,435064.06343243
2020-11-25 09:46:00,19225.00000000,19235.61000000,19223.98000000,19229.90000000,51.29902900,1606315619999,986494.69946120,953,23.85213200,458687.12046425
2020-11-25 09:47:00,19229.89000000,19235.73000000,19220.75000000,19229.63000000,42.42389400,1606315679999,815736.43508066,924,19.63192000,377487.98982316
2020-11-25 09:48:00,19229.63000000,19229.63000000,19209.17000000,19222.94000000,43.16252600,1606315739999,829665.61812979,1040,18.91648700,363607.98954216
2020-11-25 09:49:00,19222.94000000,19231.04000000,19221.03000000,19225.88000000,39.14377800,1606315799999,752617.94289913,667,12.06331200,231913.05609978
2020-11-25 09:50:00,19225.88000000,19230.75000000,19221.00000000,19222.96000000,33.44796200,1606315859999,643005.70224476,876,17.47696100,335957.92374298
2020-11-25 09:51:00,19222.96000000,19235.98000000,19221.00000000,19235.98000000,51.58714400,1606315919999,991788.33090460,743,13.32634900,256219.80697507
2020-11-25 09:52:00,19235.97000000,19241.90000000,19223.67000000,19238.46000000,46.58082500,1606315979999,895822.28485244,1102,26.39964500,507697.58710997
2020-11-25 09:53:00,19238.47000000,19254.23000000,19238.46000000,19243.45000000,53.64305600,1606316039999,1032353.86027985,1081,24.31426500,467942.98211762
2020-11-25 09:54:00,19243.99000000,19252.43000000,19237.15000000,19250.22000000,31.29902800,1606316099999,602300.00381498,971,13.05828100,251293.48355081
2020-11-25 09:55:00,19250.22000000,19250.23000000,19240.00000000,19244.99000000,50.10041700,1606316159999,964243.09831093,812,12.46658200,239893.23822647
2020-11-25 09:56:00,19245.00000000,19254.23000000,19227.24000000,19253.48000000,52.70294000,1606316219999,1014160.08902882,1031,22.86743400,440032.51638591
2020-11-25 09:57:00,19253.48000000,19272.49000000,19251.17000000,19272.49000000,69.86437100,1606316279999,1345627.95648530,1352,43.54256100,838675.80153371
2020-11-25 09:58:00,19272.27000000,19280.00000000,19250.58000000,19255.30000000,78.91692000,1606316339999,1520396.35565497,1471,43.99889300,847626.34683002
2020-11-25 09:59:00,19255.29000000,19275.58000000,19255.29000000,19268.99000000,40.16101400,1606316399999,773783.21858827,1022,18.60715500,358487.65162702
2020-11-25 10:00:00,19269.25000000,19273.26000000,19255.00000000,19258.98000000,43.55490100,1606316459999,838969.73193970,1352,22.87968200,440695.14035576
2020-11-25 10:01:00,19258.99000000,19268.50000000,19255.00000000,19268.15000000,48.04705000,1606316519999,925387.39169846,859,21.83472600,420528.71432398
2020-11-25 10:02:00,19268.16000000,19268.16000000,19250.00000000,19250.00000000,73.48093500,1606316579999,1414899.50265831,1079,12.59040300,242472.62969321
2020-11-25 10:03:00,19250.01000000,19250.01000000,19230.89000000,19244.45000000,144.38008100,1606316639999,2778934.59295089,1454,15.91841900,306322.41775067
2020-11-25 10:04:00,19244.46000000,19250.00000000,19229.24000000,19249.99000000,73.58752300,1606316699999,1415789.16303388,1426,45.03148700,866413.23947996
2020-11-25 10:05:00,19249.99000000,19252.65000000,19240.26000000,19241.36000000,35.81936400,1606316759999,689413.68045868,1009,17.35207900,333988.65942404
2020-11-25 10:06:00,19241.37000000,19242.50000000,19240.00000000,19240.01000000,54.24321300,1606316819999,1043641.36379262,1034,8.76739200,168685.65213098
2020-11-25 10:07:00,19240.01000000,19240.01000000,19200.00000000,19221.72000000,221.57193300,1606316879999,4261509.68398244,2186,21.84234600,419792.79063214
2020-11-25 10:08:00,19221.71000000,19234.81000000,19220.16000000,19229.96000000,48.20642200,1606316939999,926867.52963871,1356,20.72797900,398514.82806288
2020-11-25 10:09:00,19229.95000000,19240.03000000,19228.15000000,19238.37000000,78.32473100,1606316999999,1506408.05667946,1090,40.94991300,787517.10777238
2020-11-25 10:10:00,19238.37000000,19245.45000000,19230.00000000,19244.58000000,26.69641200,1606317059999,513578.07108950,940,9.60881600,184850.32858456
2020-11-25 10:11:00,19244.58000000,19249.66000000,19239.12000000,19239.13000000,25.50220200,1606317119999,490734.97975229,898,10.17186400,195741.25652406
2020-11-25 10:12:00,19239.12000000,19239.13000000,19230.00000000,19230.00000000,70.44785500,1606317179999,1354891.23170452,1154,16.78360600,322818.28278249
2020-11-25 10:13:00,19230.00000000,19238.88000000,19230.00000000,19230.00000000,58.84407600,1606317239999,1131641.83614766,946,10.62143000,204281.24515678
2020-11-25 10:14:00,19230.00000000,19238.54000000,19230.00000000,19233.61000000,54.48040100,1606317299999,1047751.68486110,810,21.35175900,410669.44715273
2020-11-25 10:15:00,19233.61000000,19234.00000000,19230.00000000,19233.02000000,26.55170700,1606317359999,510623.71511646,980,11.07781400,213038.44874850
2020-11-25 10:16:00,19233.02000000,19241.05000000,19230.00000000,19239.98000000,38.52977700,1606317419999,741049.23985210,1141,17.50987800,336775.36182618
2020-11-25 10:17:00,19239.99000000,19250.00000000,19239.99000000,19246.22000000,31.76798500,1606317479999,611429.27394286,833,20.76161100,399604.78316614
2020-11-25 10:18:00,19246.22000000,19246.22000000,19230.00000000,19230.00000000,52.99312200,1606317539999,1019283.48996611,930,9.54666500,183659.01424350
2020-11-25 10:19:00,19230.00000000,19230.01000000,19225.00000000,19225.00000000,116.35609300,1606317599999,2237390.79836327,1415,7.13774000,137253.91376700
2020-11-25 10:20:00,19225.00000000,19225.01000000,19225.00000000,19225.00000000,72.70718100,1606317659999,1397795.61638195,1283,6.16569500,118535.54803195
2020-11-25 10:21:00,19225.00000000,19231.95000000,19216.64000000,19229.99000000,71.09226500,1606317719999,1366666.35062385,1278,22.72773300,436914.13127630
2020-11-25 10:22:00,19229.99000000,19253.99000000,19229.99000000,19253.99000000,60.21238800,1606317779999,1158803.66062844,1037,39.28906700,756184.99297769
2020-11-25 10:23:00,19253.61000000,19253.99000000,19230.00000000,19230.00000000,92.38948000,1606317839999,1777063.74694895,1025,13.16791200,253253.21544526
2020-11-25 10:24:00,19230.00000000,19230.01000000,19230.00000000,19230.00000000,36.55454200,1606317899999,702943.87503482,740,3.23748200,62256.81123482
2020-11-25 10:25:00,19230.00000000,19246.01000000,19230.00000000,19246.01000000,110.61888100,1606317959999,2127621.31681919,1310,34.54129300,664525.58397006
2020-11-25 10:26:00,19246.01000000,19267.51000000,19245.51000000,19260.50000000,38.38680300,1606318019999,739105.49324053,1217,19.43479600,374195.64939008
2020-11-25 10:27:00,19260.51000000,19280.00000000,19260.50000000,19276.37000000,60.00331200,1606318079999,1156264.61799644,1295,30.83049700,594124.58958168
2020-11-25 10:28:00,19274.99000000,19300.00000000,19262.22000000,19299.73000000,79.42332800,1606318139999,1531575.75390757,1733,49.44029800,953406.47328540
2020-11-25 10:29:00,19299.73000000,19314.52000000,19298.74000000,19300.85000000,153.62500100,1606318199999,2965263.09161214,1845,116.04689000,2239866.26366221
2020-11-25 10:30:00,19300.85000000,19327.80000000,19298.00000000,19309.97000000,78.33891300,1606318259999,1512733.48880872,1616,41.55237000,802487.86689071
2020-11-25 10:31:00,19311.53000000,19317.14000000,19280.00000000,19299.99000000,52.03486600,1606318319999,1004219.54807287,1310,21.24219100,409921.96218397
2020-11-25 10:32:00,19299.99000000,19306.48000000,19290.68000000,19292.00000000,56.75219100,1606318379999,1095170.05852705,1446,25.47402100,491559.77473196
2020-11-25 10:33:00,19292.00000000,19308.22000000,19288.60000000,19294.52000000,49.33901100,1606318439999,952049.84733735,1214,23.46507000,452775.55507766
2020-11-25 10:34:00,19294.53000000,19294.54000000,19274.61000000,19285.69000000,69.65284900,1606318499999,1343251.15490784,1492,37.26865300,718742.78133148
2020-11-25 10:35:00,19285.70000000,19294.67000000,19269.91000000,19270.78000000,49.10573600,1606318559999,946723.34904127,1464,18.29164800,352651.34814884
2020-11-25 10:36:00,19270.78000000,19280.00000000,19266.20000000,19269.25000000,49.33481100,1606318619999,950729.48097825,1324,20.91261900,403013.09661634
2020-11-25 10:37:00,19269.25000000,19285.15000000,19260.70000000,19276.99000000,75.29186500,1606318679999,1451225.34290351,1292,52.12421500,1004721.28137611
2020-11-25 10:38:00,19276.99000000,19303.10000000,19276.99000000,19299.51000000,56.32936900,1606318739999,1086793.73940551,1427,27.23727900,525565.80666327
2020-11-25 10:39:00,19299.52000000,19302.62000000,19267.43000000,19275.01000000,57.25210300,1606318799999,1103842.68832597,1463,26.37346300,508517.68412595
2020-11-25 10:40:00,19275.01000000,19275.02000000,19245.99000000,19246.00000000,60.27625600,1606318859999,1160695.51016633,1575,20.58936500,396505.65358577
2020-11-25 10:41:00,19246.00000000,19267.73000000,19241.98000000,19261.65000000,54.95247800,1606318919999,1058324.30298627,1361,28.51028500,549070.15246244
2020-11-25 10:42:00,19261.66000000,19264.20000000,19234.17000000,19240.68000000,62.92437400,1606318979999,1210995.59587055,1171,35.06689700,674803.47189703
2020-11-25 10:43:00,19240.68000000,19244.78000000,19220.00000000,19226.01000000,182.00961400,1606319039999,3500000.32777943,1496,31.58813600,607376.92508099
2020-11-25 10:44:00,19225.85000000,19227.00000000,19208.31000000,19220.00000000,79.94785000,1606319099999,1536582.62733413,1400,30.75125800,591014.96682195
2020-11-25 10:45:00,19220.00000000,19248.15000000,19207.27000000,19218.83000000,85.02925400,1606319159999,1634643.44870671,1658,44.86988100,862639.53147009
2020-11-25 10:46:00,19218.83000000,19221.81000000,19205.00000000,19214.34000000,49.07794400,1606319219999,942900.51433403,1402,21.33377800,409867.44726057
2020-11-25 10:47:00,19214.34000000,19218.85000000,19204.57000000,19205.62000000,94.82893100,1606319279999,1821824.13246940,1294,31.86267300,612094.14456321
2020-11-25 10:48:00,19205.63000000,19218.18000000,19181.74000000,19189.76000000,161.14989900,1606319339999,3094232.08903471,2150,50.01678800,960470.64744409
2020-11-25 10:49:00,19189.75000000,19206.90000000,19183.00000000,19192.78000000,75.37770000,1606319399999,1446725.09946693,1589,38.73384300,743435.24796371
2020-11-25 10:50:00,19192.77000000,19192.78000000,19154.72000000,19159.93000000,123.75543200,1606319459999,2372726.72584541,2483,56.06594100,1074838.46058771
2020-11-25 10:51:00,19159.93000000,19182.08000000,19148.00000000,19157.47000000,106.81141300,1606319519999,2047011.30897315,2033,49.32828100,945576.73911258
2020-11-25 10:52:00,19157.48000000,19166.63000000,19150.00000000,19153.24000000,62.80912500,1606319579999,1203188.64031161,1432,30.21801300,578848.99552432
2020-11-25 10:53:00,19153.24000000,19182.43000000,19153.24000000,19160.31000000,46.67743400,1606319639999,894848.42488650,1320,20.73908700,397556.63796427
2020-11-25 10:54:00,19160.31000000,19179.00000000,19160.31000000,19171.50000000,51.06880100,1606319699999,978966.10793701,989,25.18005300,482685.29783903
2020-11-25 10:55:00,19171.50000000,19173.82000000,19135.24000000,19138.58000000,78.38977400,1606319759999,1501297.48863368,1397,23.51184000,450238.61133696
2020-11-25 10:56:00,19139.14000000,19156.63000000,19126.09000000,19127.00000000,119.08966000,1606319819999,2278894.88417067,1490,58.93406600,1127593.35384464
2020-11-25 10:57:00,19127.00000000,19136.63000000,19125.00000000,19128.00000000,66.27494800,1606319879999,1267785.25615108,905,36.10047000,690558.47209915
2020-11-25 10:58:00,19128.00000000,19149.96000000,19127.99000000,19144.38000000,47.74684400,1606319939999,913767.14178424,942,30.92305900,591741.48466254
2020-11-25 10:59:00,19144.37000000,19144.68000000,19115.79000000,19126.84000000,113.76191800,1606319999999,2176236.99749059,1742,50.02217600,956896.36452798
2020-11-25 11:00:00,19126.84000000,19135.00000000,19080.50000000,19094.14000000,204.75728900,1606320059999,3911498.83997607,2773,68.50608000,1308961.92463491
2020-11-25 11:01:00,19094.14000000,19099.56000000,19001.17000000,19071.26000000,541.83215400,1606320119999,10324308.08064053,4728,251.58969400,4792813.82809783
2020-11-25 11:02:00,19071.26000000,19125.16000000,19060.04000000,19125.16000000,137.42319200,1606320179999,2624720.55380047,2339,81.95255600,1565479.13709997
2020-11-25 11:03:00,19125.16000000,19174.12000000,19113.65000000,19142.72000000,146.29163500,1606320239999,2801444.30187969,2127,78.39035600,1501068.30483383
2020-11-25 11:04:00,19142.72000000,19192.20000000,19138.85000000,19188.70000000,82.37695100,1606320299999,1578420.47919584,1723,45.31995800,868427.10320752
2020-11-25 11:05:00,19188.70000000,19193.93000000,19161.21000000,19173.05000000,60.77670200,1606320359999,1165681.70328824,1728,24.59137400,471652.89631969
2020-11-25 11:06:00,19173.06000000,19173.06000000,19146.63000000,19161.00000000,60.36298900,1606320419999,1156613.40569355,1390,34.86888000,668127.39289262
2020-11-25 11:07:00,19161.01000000,19186.92000000,19155.01000000,19169.50000000,85.22198800,1606320479999,1633541.47061013,1603,52.07597700,998136.25641981
2020-11-25 11:08:00,19169.21000000,19185.79000000,19167.21000000,19185.19000000,52.07770300,1606320539999,998608.30155564,1036,33.72963800,646711.09266939
2020-11-25 11:09:00,19185.18000000,19196.33000000,19184.89000000,19192.35000000,58.30209400,1606320599999,1118879.87160962,1106,27.29737800,523860.62893975
2020-11-25 11:10:00,19192.35000000,19192.39000000,19161.88000000,19166.54000000,75.81340600,1606320659999,1453910.11574315,1100,20.64452400,395799.06013562
2020-11-25 11:11:00,19166.54000000,19183.84000000,19164.03000000,19171.25000000,64.24707700,1606320719999,1232166.73343882,1212,30.59741800,586784.91129894
2020-11-25 11:12:00,19171.25000000,19183.38000000,19169.99000000,19178.13000000,70.33396100,1606320779999,1348732.34023663,755,23.74347000,455227.18204652
2020-11-25 11:13:00,19178.13000000,19178.13000000,19135.46000000,19143.74000000,65.93384400,1606320839999,1263076.23689190,1570,23.04209700,441268.48343723
2020-11-25 11:14:00,19143.74000000,19147.00000000,19100.00000000,19110.54000000,77.21372400,1606320899999,1476093.65980010,1816,35.76045900,683631.11949399
2020-11-25 11:15:00,19110.78000000,19128.63000000,19086.80000000,19088.81000000,85.28262900,1606320959999,1629300.90568106,1618,47.64433900,910258.26153402
2020-11-25 11:16:00,19088.81000000,19089.95000000,19068.01000000,19084.75000000,84.40385600,1606321019999,1610514.76451788,1566,33.71763900,643395.01260097
2020-11-25 11:17:00,19085.00000000,19148.25000000,19084.99000000,19141.99000000,59.07156500,1606321079999,1129708.53689927,1569,37.03913700,708214.74745733
2020-11-25 11:18:00,19141.99000000,19145.50000000,19123.08000000,19143.58000000,53.43606300,1606321139999,1022598.12243770,1380,19.90267000,380835.34163230
2020-11-25 11:19:00,19143.57000000,19163.67000000,19143.47000000,19144.51000000,145.18837400,1606321199999,2780763.74149849,1277,74.56338000,1427999.43630630
2020-11-25 11:20:00,19144.51000000,19146.41000000,19109.65000000,19109.83000000,73.83852900,1606321259999,1412098.49926105,1348,27.71620200,530023.30381065
2020-11-25 11:21:00,19109.83000000,19136.09000000,19086.00000000,19086.00000000,66.53164400,1606321319999,1271686.52255396,1218,34.12332700,652335.34530968
2020-11-25 11:22:00,19086.00000000,19114.72000000,19086.00000000,19097.72000000,52.48926900,1606321379999,1002521.19172725,1418,29.04335800,554718.72378737
2020-11-25 11:23:00,19097.72000000,19109.44000000,19071.16000000,19074.86000000,71.96221700,1606321439999,1374023.15132428,1271,21.82944500,416665.46448921
2020-11-25 11:24:00,19074.40000000,19082.11000000,19011.59000000,19044.67000000,178.65567700,1606321499999,3403666.44558448,2385,56.76824000,1081521.89685035
2020-11-25 11:25:00,19044.67000000,19044.94000000,18940.62000000,18955.06000000,456.92428700,1606321559999,8676932.17522535,4878,176.72148000,3355943.44514561
2020-11-25 11:26:00,18954.35000000,18996.34000000,18900.00000000,18916.02000000,279.63064400,1606321619999,5300444.19293255,3323,111.00048100,2105536.82815870
2020-11-25 11:27:00,18915.61000000,18963.00000000,18900.00000000,18959.67000000,145.51150900,1606321679999,2754486.76781268,2500,87.02171400,1647660.89426201
2020-11-25 11:28:00,18959.44000000,18996.37000000,18944.65000000,18987.54000000,127.23976600,1606321739999,2414071.44974187,2239,67.99617600,1289980.96747701
2020-11-25 11:29:00,18988.40000000,19016.95000000,18988.40000000,18999.50000000,110.07878000,1606321799999,2091856.59933387,2056,49.29967000,936808.06313122
2020-11-25 11:30:00,18999.51000000,18999.51000000,18918.73000000,18919.32000000,103.84086400,1606321859999,1968269.53091525,2558,34.67411200,657259.95364562
2020-11-25 11:31:00,18921.29000000,18955.00000000,18915.00000000,18934.77000000,118.70059800,1606321919999,2247349.93567142,2208,57.09048900,1080895.75349316
2020-11-25 11:32:00,18934.48000000,18952.77000000,18901.00000000,18911.94000000,151.03502000,1606321979999,2858246.68796608,2424,65.53743800,1240158.18601359
2020-11-25 11:33:00,18911.93000000,18965.86000000,18900.00000000,18941.93000000,177.72924000,1606322039999,3362971.91394217,2154,44.74433300,847183.95334811
2020-11-25 11:34:00,18941.93000000,18958.10000000,18904.51000000,18916.63000000,112.29888900,1606322099999,2126750.54732258,1923,66.18143200,1253405.36958518
2020-11-25 11:35:00,18916.63000000,18949.76000000,18856.00000000,18949.75000000,226.66603400,1606322159999,4281652.96088122,3973,97.59421600,1843522.90974773
2020-11-25 11:36:00,18949.76000000,18990.00000000,18946.41000000,18988.49000000,120.36284400,1606322219999,2283176.32689602,2182,58.11062200,1102320.21306319
2020-11-25 11:37:00,18988.50000000,19012.93000000,18983.76000000,19010.00000000,85.55432100,1606322279999,1625102.07507735,1772,45.00456200,854896.39395498
2020-11-25 11:38:00,19010.74000000,19039.85000000,19010.53000000,19020.19000000,107.52936200,1606322339999,2045541.11989460,1933,44.02739300,837457.41898623
2020-11-25 11:39:00,19020.19000000,19033.50000000,19006.69000000,19014.87000000,93.08625100,1606322399999,1770535.35836564,1660,33.76361100,642143.97891841
2020-11-25 11:40:00,19014.87000000,19014.88000000,18974.24000000,18995.11000000,67.30393000,1606322459999,1278360.83093334,1664,24.27579500,461004.91020557
2020-11-25 11:41:00,18995.11000000,19029.05000000,18995.10000000,19009.26000000,60.77518700,1606322519999,1155842.32480885,1345,20.87232400,396926.37563634
2020-11-25 11:42:00,19009.26000000,19009.26000000,18976.64000000,18980.16000000,62.05353000,1606322579999,1178468.53604829,1197,25.69104700,487831.22896481
2020-11-25 11:43:00,18980.16000000,19015.67000000,18980.16000000,19010.30000000,49.43765800,1606322639999,939602.63073567,1213,18.28731500,347535.80909153
2020-11-25 11:44:00,19010.30000000,19027.04000000,18982.17000000,18987.64000000,64.78815900,1606322699999,1231484.20433842,1181,18.26104600,347068.49407963
2020-11-25 11:45:00,18987.63000000,18996.00000000,18972.60000000,18982.97000000,70.84857100,1606322759999,1344993.87217405,1311,27.80073100,527761.69302470
2020-11-25 11:46:00,18982.97000000,19030.00000000,18982.97000000,19018.72000000,68.75848900,1606322819999,1307253.15423460,1276,35.29573900,671196.31596156
2020-11-25 11:47:00,19018.73000000,19032.01000000,18996.63000000,19000.67000000,89.89357700,1606322879999,1709344.95631528,1418,41.04857600,780614.37771073
2020-11-25 11:48:00,19000.67000000,19009.21000000,18947.62000000,18975.49000000,93.37898900,1606322939999,1771803.58003448,1583,21.96869700,416767.49690836
2020-11-25 11:49:00,18975.49000000,18976.63000000,18946.64000000,18966.62000000,74.18556900,1606322999999,1406835.31082852,1460,37.85193000,717835.70814315
2020-11-25 11:50:00,18966.62000000,18987.72000000,18951.90000000,18987.72000000,49.01146600,1606323059999,929454.77602884,1153,16.96110000,321715.00187268
2020-11-25 11:51:00,18987.72000000,19007.96000000,18987.72000000,18994.53000000,83.01904700,1606323119999,1577567.30751423,1517,32.42643400,616126.45054576
2020-11-25 11:52:00,18994.53000000,19038.01000000,18994.53000000,19037.98000000,67.95328900,1606323179999,1292648.39232069,1376,32.31857500,614797.30131583
2020-11-25 11:53:00,19039.25000000,19053.65000000,19030.22000000,19032.21000000,92.97244500,1606323239999,1770066.26922860,1548,27.65578900,526581.71550992
2020-11-25 11:54:00,19032.21000000,19045.15000000,19030.10000000,19045.14000000,49.05989100,1606323299999,933890.78564272,888,24.42564200,464968.30941478
2020-11-25 11:55:00,19045.13000000,19045.14000000,18995.27000000,19015.49000000,71.30141200,1606323359999,1356145.33787603,1326,23.27300600,442629.93185343
2020-11-25 11:56:00,19015.49000000,19017.17000000,18972.00000000,18978.00000000,50.42176700,1606323419999,957730.72993062,1237,24.09546700,457571.22682617
2020-11-25 11:57:00,18980.70000000,19004.50000000,18976.50000000,18976.50000000,77.77430400,1606323479999,1476877.18459315,1391,28.88655500,548542.57862372
2020-11-25 11:58:00,18976.50000000,18988.58000000,18959.41000000,18960.68000000,74.88298300,1606323539999,1420848.26113656,1525,21.68223700,411366.45575697
2020-11-25 11:59:00,18960.68000000,18989.85000000,18949.99000000,18988.62000000,75.65582200,1606323599999,1434475.79108660,1501,16.02087300,303826.08389623
2020-11-25 12:00:00,18988.65000000,18994.62000000,18958.50000000,18975.59000000,70.58253000,1606323659999,1339267.81075160,1608,18.01270900,341859.07266129
2020-11-25 12:01:00,18975.59000000,18976.51000000,18946.63000000,18946.75000000,80.48490300,1606323719999,1526059.95247414,1259,15.00800200,284537.12979722
2020-11-25 12:02:00,18946.75000000,18956.03000000,18935.75000000,18935.75000000,81.59758600,1606323779999,1545851.40974002,1369,17.46092800,330766.45693073
2020-11-25 12:03:00,18935.75000000,18997.06000000,18929.75000000,18986.79000000,93.64496500,1606323839999,1776736.36724099,1731,38.03698600,721451.03641146
2020-11-25 12:04:00,18986.79000000,19027.33000000,18986.79000000,19015.78000000,62.82481000,1606323899999,1194412.04629824,1459,31.52681700,599239.60215306
2020-11-25 12:05:00,19015.77000000,19027.32000000,19005.67000000,19010.34000000,47.86554300,1606323959999,910219.37725011,920,17.41480200,331155.20678363
2020-11-25 12:06:00,19010.25000000,19011.93000000,18961.45000000,18966.93000000,83.13423500,1606324019999,1578329.79010169,1237,18.82331800,357325.20722466
2020-11-25 12:07:00,18967.39000000,18983.12000000,18957.98000000,18976.43000000,66.27460400,1606324079999,1257019.05156709,1176,29.17418700,553320.08611001
2020-11-25 12:08:00,18976.43000000,19012.65000000,18976.43000000,18993.86000000,64.25494500,1606324139999,1220561.37581624,1009,16.05593400,304966.40542612
2020-11-25 12:09:00,18993.87000000,18993.87000000,18971.81000000,18976.30000000,40.14322900,1606324199999,761972.58382378,935,10.45494600,198413.93367357
2020-11-25 12:10:00,18976.29000000,18998.70000000,18976.29000000,18990.08000000,61.43466900,1606324259999,1166635.54725923,997,21.90937100,416006.37517983
2020-11-25 12:11:00,18990.09000000,18999.89000000,18984.01000000,18999.88000000,37.67423200,1606324319999,715470.22364010,794,18.72443000,355590.17364994
2020-11-25 12:12:00,18999.89000000,19014.08000000,18995.15000000,19006.27000000,91.65262600,1606324379999,1741852.38396142,963,55.35525100,1051885.04802394
2020-11-25 12:13:00,19006.27000000,19010.39000000,18984.00000000,18984.00000000,57.97603300,1606324439999,1101360.80165639,1020,18.41016200,349704.31427344
2020-11-25 12:14:00,18984.01000000,18984.01000000,18965.92000000,18965.92000000,51.26181500,1606324499999,972730.27772944,987,9.76262000,185269.16867931
2020-11-25 12:15:00,18965.93000000,18996.72000000,18965.41000000,18994.91000000,63.76849400,1606324559999,1210169.43133806,1208,24.46597300,464252.83141183
2020-11-25 12:16:00,18994.93000000,19023.00000000,18994.93000000,19016.33000000,74.06682200,1606324619999,1408155.59710805,990,41.08349900,781005.11460761
2020-11-25 12:17:00,19016.33000000,19025.00000000,19004.26000000,19024.99000000,43.56819300,1606324679999,828340.66422000,832,10.42384000,198179.47493206
2020-11-25 12:18:00,19025.00000000,19035.51000000,19020.00000000,19024.98000000,59.91943200,1606324739999,1140055.96202600,1024,24.07160100,457985.87297541
2020-11-25 12:19:00,19024.98000000,19024.99000000,19000.00000000,19003.12000000,50.88469200,1606324799999,967286.88996154,799,15.12082700,287399.65713060
2020-11-25 12:20:00,19003.11000000,19003.11000000,18986.41000000,18987.81000000,42.35446300,1606324859999,804473.37044151,836,24.30655500,461650.61376249
2020-11-25 12:21:00,18987.82000000,18999.90000000,18973.00000000,18999.87000000,33.50485100,1606324919999,636132.57208621,1064,13.69800400,260056.00412976
2020-11-25 12:22:00,18999.87000000,19006.32000000,18956.63000000,18956.63000000,62.35618100,1606324979999,1183147.33832579,1392,25.25682300,479162.80637213
2020-11-25 12:23:00,18956.64000000,18956.64000000,18936.99000000,18944.46000000,51.89213500,1606325039999,983108.75450194,1260,12.45434000,235953.12072296
2020-11-25 12:24:00,18944.46000000,18944.46000000,18921.02000000,18926.91000000,56.51507600,1606325099999,1069921.83931855,1472,20.28526800,383988.17275529
2020-11-25 12:25:00,18926.90000000,18956.28000000,18922.02000000,18953.23000000,59.79324600,1606325159999,1132552.67231440,1113,33.80034000,640265.02301412
2020-11-25 12:26:00,18953.23000000,18975.99000000,18929.06000000,18929.07000000,61.38711600,1606325219999,1163341.15161912,1230,28.74687500,544866.80852596
2020-11-25 12:27:00,18929.06000000,18938.39000000,18910.00000000,18910.00000000,60.86247400,1606325279999,1151617.79959537,1113,17.31900400,327707.04564127
2020-11-25 12:28:00,18910.00000000,18932.76000000,18910.00000000,18922.87000000,52.05999800,1606325339999,985181.85011203,1105,17.82449200,337269.74770909
2020-11-25 12:29:00,18922.87000000,18922.88000000,18889.23000000,18901.00000000,120.70724600,1606325399999,2281779.97633853,1698,33.10881000,625831.03541976
2020-11-25 12:30:00,18901.00000000,18901.01000000,18871.10000000,18873.60000000,109.23490000,1606325459999,2062765.63248771,1528,34.91550900,659278.96242043
2020-11-25 12:31:00,18873.60000000,18915.15000000,18860.76000000,18910.05000000,85.26901100,1606325519999,1609497.98702432,1530,40.84780800,771077.81003564
2020-11-25 12:32:00,18910.00000000,18925.89000000,18903.85000000,18911.58000000,59.62001800,1606325579999,1127642.00149111,1117,21.79441100,412217.13281006
2020-11-25 12:33:00,18911.58000000,18917.86000000,18853.55000000,18874.82000000,108.45366100,1606325639999,2047666.21920872,1648,25.77939600,486784.62819596
2020-11-25 12:34:00,18874.82000000,18886.35000000,18850.00000000,18857.29000000,185.76025300,1606325699999,3504754.77818242,2842,51.36365100,969282.73200361
2020-11-25 12:35:00,18857.29000000,18857.30000000,18830.00000000,18835.64000000,139.38915600,1606325759999,2626312.93608977,2094,42.20851900,795269.70262504
2020-11-25 12:36:00,18835.64000000,18842.83000000,18820.00000000,18820.00000000,85.28967300,1606325819999,1606299.55514249,1627,22.72665300,428006.50823656
2020-11-25 12:37:00,18820.01000000,18923.41000000,18811.00000000,18902.09000000,167.61832700,1606325879999,3163557.61660851,2330,74.54776400,1407608.51499133
2020-11-25 12:38:00,18902.10000000,18942.95000000,18902.00000000,18930.79000000,124.46055300,1606325939999,2355269.85400789,1919,44.89644700,849451.16658075
2020-11-25 12:39:00,18930.78000000,18930.79000000,18898.25000000,18900.01000000,57.54206700,1606325999999,1088334.37215005,1254,25.19661900,476577.57988405
2020-11-25 12:40:00,18900.01000000,18949.30000000,18891.71000000,18930.88000000,67.87112100,1606326059999,1284721.63488922,1354,30.68955200,580806.90823731
2020-11-25 12:41:00,18930.88000000,18965.32000000,18930.87000000,18947.05000000,63.25293200,1606326119999,1198560.05471230,1255,36.99118400,700945.02558144
2020-11-25 12:42:00,18947.05000000,18949.15000000,18930.84000000,18932.07000000,39.01248500,1606326179999,738935.39772958,1061,17.94644300,339907.90260800
2020-11-25 12:43:00,18932.07000000,18968.90000000,18930.84000000,18956.36000000,32.27664700,1606326239999,611778.55940034,1040,14.74006900,279410.51132621
2020-11-25 12:44:00,18956.35000000,18961.89000000,18940.59000000,18957.09000000,53.13549300,1606326299999,1006954.24416317,881,17.98479600,340800.90098152
2020-11-25 12:45:00,18957.09000000,18974.79000000,18956.54000000,18970.90000000,54.97310500,1606326359999,1042647.79869400,988,27.98530600,530771.95199359
2020-11-25 12:46:00,18970.91000000,18974.30000000,18957.30000000,18972.91000000,62.41939100,1606326419999,1183999.94758158,1020,20.66080400,391871.70364906
2020-11-25 12:47:00,18972.91000000,18996.44000000,18972.91000000,18983.36000000,69.63181800,1606326479999,1321906.23919364,1431,31.72521000,602245.10191443
2020-11-25 12:48:00,18983.35000000,19007.54000000,18974.35000000,18998.81000000,145.63727400,1606326539999,2766510.07397405,1602,87.24468500,1657413.39653370
2020-11-25 12:49:00,18999.07000000,18999.07000000,18982.46000000,18982.46000000,66.20844400,1606326599999,1257437.12033270,993,17.27975700,328172.26478984
2020-11-25 12:50:00,18982.46000000,19001.19000000,18974.84000000,19001.18000000,48.83478700,1606326659999,927229.27317266,809,16.93937200,321650.03787702
2020-11-25 12:51:00,19001.18000000,19003.94000000,18990.29000000,18992.98000000,72.89440100,1606326719999,1384840.70532245,781,18.33438300,348326.37675160
2020-11-25 12:52:00,18992.99000000,19014.53000000,18992.00000000,19011.01000000,54.27614600,1606326779999,1031252.59569242,811,35.37205200,672067.25351169
2020-11-25 12:53:00,19011.00000000,19019.00000000,19005.37000000,19014.13000000,82.74718700,1606326839999,1573167.00412235,1088,41.63530700,791540.68331440
2020-11-25 12:54:00,19014.14000000,19027.28000000,19014.11000000,19025.84000000,66.21661600,1606326899999,1259606.64724236,1037,37.30661000,709654.33523008
2020-11-25 12:55:00,19025.84000000,19026.05000000,19002.55000000,19014.78000000,96.07931000,1606326959999,1826767.26930298,1196,26.49231500,503692.60343305
2020-11-25 12:56:00,19015.49000000,19024.37000000,19015.49000000,19023.89000000,35.11355300,1606327019999,667944.25351696,628,11.50814400,218904.65470160
2020-11-25 12:57:00,19023.88000000,19023.88000000,19008.09000000,19012.73000000,45.33506000,1606327079999,862145.38148557,766,7.38528600,140439.78514242
2020-11-25 12:58:00,19012.74000000,19044.90000000,19012.49000000,19040.31000000,62.75238200,1606327139999,1194004.86280363,986,44.79515400,852278.20898286
2020-11-25 12:59:00,19040.31000000,19070.44000000,19037.43000000,19061.31000000,50.84982600,1606327199999,968675.39339713,1179,29.30125300,558236.91715044
2020-11-25 13:00:00,19061.31000000,19070.27000000,19046.77000000,19058.43000000,76.03527000,1606327259999,1449175.37595827,1300,31.48800300,600099.16736094
2020-11-25 13:01:00,19058.82000000,19062.00000000,19032.36000000,19045.03000000,75.50299300,1606327319999,1438047.93341869,1305,24.53038200,467162.63344611
2020-11-25 13:02:00,19045.03000000,19069.30000000,19045.03000000,19064.98000000,48.22898900,1606327379999,919124.77157637,1033,17.88811000,340887.83136427
2020-11-25 13:03:00,19064.98000000,19064.99000000,19041.10000000,19060.69000000,78.70229500,1606327439999,1499566.23307282,850,43.12547900,821718.40523953
2020-11-25 13:04:00,19060.70000000,19074.17000000,19054.30000000,19073.20000000,66.26056500,1606327499999,1263142.89499621,882,30.23160000,576365.20344744
2020-11-25 13:05:00,19073.21000000,19089.11000000,19070.83000000,19070.83000000,61.87901600,1606327559999,1180539.72683065,1122,25.84467200,493065.08175110
2020-11-25 13:06:00,19070.83000000,19081.39000000,19059.51000000,19059.51000000,47.66442600,1606327619999,908859.01202464,826,15.75580800,300380.95246898
2020-11-25 13:07:00,19059.52000000,19060.00000000,19046.02000000,19046.03000000,67.61077600,1606327679999,1288250.59774709,1062,20.07131300,382460.20443024
2020-11-25 13:08:00,19046.04000000,19066.63000000,19046.03000000,19065.26000000,26.77473200,1606327739999,510285.86590408,785,9.19810800,175287.64056209
2020-11-25 13:09:00,19065.26000000,19100.00000000,19065.26000000,19090.59000000,59.51135900,1606327799999,1135921.84713800,1239,34.20372400,652849.67545717
2020-11-25 13:10:00,19090.59000000,19110.00000000,19090.58000000,19107.68000000,72.07888300,1606327859999,1376755.88978568,1255,44.76229500,854998.45377132
2020-11-25 13:11:00,19107.68000000,19125.00000000,19106.35000000,19114.33000000,62.99028200,1606327919999,1204026.80700248,1170,26.96172200,515336.32621266
2020-11-25 13:12:00,19114.58000000,19117.48000000,19090.59000000,19093.85000000,58.51876900,1606327979999,1117881.70153897,1087,24.95815300,476776.65116270
2020-11-25 13:13:00,19093.85000000,19098.98000000,19080.94000000,19080.94000000,69.86059000,1606328039999,1333707.44604421,837,14.84699400,283427.68382763
2020-11-25 13:14:00,19080.94000000,19080.95000000,19069.99000000,19071.35000000,92.29349700,1606328099999,1760737.81168504,1178,31.77219700,606121.99430838
2020-11-25 13:15:00,19071.35000000,19071.35000000,19056.16000000,19068.29000000,35.36853900,1606328159999,674321.55711429,901,7.95754700,151701.70137668
2020-11-25 13:16:00,19068.29000000,19080.89000000,19068.28000000,19077.64000000,26.13687300,1606328219999,498456.10301117,779,12.11373900,231013.31466038
2020-11-25 13:17:00,19077.63000000,19102.47000000,19075.28000000,19101.44000000,24.42401700,1606328279999,466237.95420481,763,7.63233400,145709.06994182
2020-11-25 13:18:00,19101.43000000,19120.00000000,19097.06000000,19113.89000000,54.08771100,1606328339999,1033593.43719069,1029,32.13025800,614017.92770471
2020-11-25 13:19:00,19113.89000000,19120.00000000,19112.00000000,19115.00000000,34.86904400,1606328399999,666524.62625818,745,18.43397700,352363.27086490
2020-11-25 13:20:00,19115.01000000,19115.01000000,19083.00000000,19083.32000000,91.99609200,1606328459999,1757302.17560350,1076,18.02108700,344086.39390213
2020-11-25 13:21:00,19083.32000000,19086.77000000,19068.20000000,19070.54000000,120.10583500,1606328519999,2291356.17244946,1088,61.33096400,1170045.77269675
2020-11-25 13:22:00,19070.55000000,19096.03000000,19068.29000000,19093.22000000,93.45822100,1606328579999,1782861.64939590,1052,41.71958400,795944.18381715
2020-11-25 13:23:00,19093.22000000,19093.54000000,19074.87000000,19075.40000000,26.93919600,1606328639999,514014.28944591,604,8.31884100,158719.26779199
2020-11-25 13:24:00,19075.40000000,19107.86000000,19075.38000000,19107.85000000,56.61748800,1606328699999,1080896.64002424,805,36.94184400,705343.15808646
2020-11-25 13:25:00,19107.85000000,19120.91000000,19096.93000000,19099.17000000,42.23733700,1606328759999,807195.84361056,813,17.30545700,330723.56550823
2020-11-25 13:26:00,19099.17000000,19100.00000000,19087.86000000,19097.65000000,32.73431900,1606328819999,625086.50161066,797,16.98058900,324238.34607307
2020-11-25 13:27:00,19097.64000000,19097.65000000,19086.10000000,19087.33000000,31.72087800,1606328879999,605580.21121126,969,15.96797300,304818.00758933
2020-11-25 13:28:00,19087.32000000,19087.33000000,19074.00000000,19075.98000000,29.57880100,1606328939999,564353.50693774,638,11.82795800,225692.50627097
2020-11-25 13:29:00,19075.97000000,19111.01000000,19075.34000000,19110.57000000,37.05384300,1606328999999,707514.15173324,1039,21.19313800,404654.99110035
2020-11-25 13:30:00,19110.58000000,19115.34000000,19092.46000000,19096.18000000,28.01563000,1606329059999,535200.45861937,934,14.56373800,278233.62448561
2020-11-25 13:31:00,19096.17000000,19100.12000000,19086.63000000,19086.64000000,16.54398900,1606329119999,315857.24803833,584,7.66059200,146267.47595921
2020-11-25 13:32:00,19087.64000000,19124.67000000,19087.64000000,19124.67000000,25.07461400,1606329179999,479081.94728638,732,14.24744600,272224.81346953
2020-11-25 13:33:00,19124.66000000,19125.53000000,19096.79000000,19098.28000000,36.20796100,1606329239999,691985.39187303,658,8.20623900,156849.59507576
2020-11-25 13:34:00,19098.28000000,19114.31000000,19092.39000000,19093.98000000,53.19358600,1606329299999,1016036.06505953,770,10.99112500,209932.05136506
2020-11-25 13:35:00,19093.97000000,19106.84000000,19090.33000000,19090.34000000,57.99218800,1606329359999,1107576.79668748,775,24.94692300,476439.51205526
2020-11-25 13:36:00,19090.34000000,19090.34000000,19077.03000000,19085.99000000,32.16102000,1606329419999,613748.45128678,803,15.01610200,286573.98201683
2020-11-25 13:37:00,19085.99000000,19086.00000000,19075.66000000,19075.77000000,27.68105300,1606329479999,528180.79537987,877,7.40408200,141276.51417653
2020-11-25 13:38:00,19075.78000000,19078.53000000,19069.48000000,19070.56000000,24.09844500,1606329539999,459638.95090199,509,6.61782000,126215.67561614
2020-11-25 13:39:00,19070.56000000,19079.82000000,19066.41000000,19068.74000000,22.93357300,1606329599999,437378.54066540,660,9.23420900,176115.57186952
2020-11-25 13:40:00,19068.75000000,19071.67000000,19041.66000000,19042.18000000,44.39266100,1606329659999,845892.44314381,925,9.48452000,180732.32358567
2020-11-25 13:41:00,19041.93000000,19068.83000000,19040.94000000,19067.73000000,30.19439000,1606329719999,575406.11261553,706,22.09766300,421100.61950528
2020-11-25 13:42:00,19067.73000000,19079.94000000,19065.00000000,19078.60000000,37.24414300,1606329779999,710347.24517694,815,19.57768600,373397.40995487
2020-11-25 13:43:00,19078.59000000,19098.63000000,19078.59000000,19095.68000000,32.30525400,1606329839999,616664.38008546,752,19.15389800,365640.60480116
2020-11-25 13:44:00,19095.68000000,19098.76000000,19079.38000000,19090.66000000,27.73792200,1606329899999,529473.71108380,867,15.18204700,289783.72082190
2020-11-25 13:45:00,19090.66000000,19109.62000000,19089.92000000,19107.01000000,34.32858100,1606329959999,655741.76587677,888,18.56539800,354604.99728504
2020-11-25 13:46:00,19107.00000000,19107.01000000,19086.63000000,19086.63000000,25.70286600,1606330019999,490877.76110883,724,11.21892400,214252.14040264
2020-11-25 13:47:00,19086.63000000,19086.64000000,19070.75000000,19074.72000000,39.70861200,1606330079999,757599.95156863,865,16.30704700,311122.86706717
2020-11-25 13:48:00,19074.71000000,19084.15000000,19073.19000000,19083.30000000,21.55311100,1606330139999,411194.71945991,652,8.70048700,165985.57546777
2020-11-25 13:49:00,19083.29000000,19104.74000000,19080.73000000,19103.31000000,49.59962500,1606330199999,947103.70142661,822,27.98936300,534432.93016206
2020-11-25 13:50:00,19103.32000000,19115.13000000,19093.38000000,19093.63000000,53.66961000,1606330259999,1025475.27004622,998,21.94881400,419357.73226993
2020-11-25 13:51:00,19093.63000000,19093.63000000,19066.66000000,19067.62000000,46.16799200,1606330319999,880782.02194786,713,14.37577800,274257.05323025
2020-11-25 13:52:00,19067.63000000,19076.97000000,19062.58000000,19066.10000000,23.18299900,1606330379999,442058.60311369,707,13.74686000,262124.93734979
2020-11-25 13:53:00,19066.10000000,19075.77000000,19060.00000000,19060.01000000,32.34992400,1606330439999,616756.49225969,727,17.85281200,340370.28759404
2020-11-25 13:54:00,19060.01000000,19067.24000000,19050.48000000,19051.57000000,38.87810100,1606330499999,740952.98315264,731,16.75862800,319372.66352275
2020-11-25 13:55:00,19051.57000000,19072.75000000,19051.56000000,19072.75000000,32.51206900,1606330559999,619621.14065334,598,13.52534600,257794.38979526
2020-11-25 13:56:00,19072.75000000,19085.00000000,19072.74000000,19081.32000000,28.38595800,1606330619999,541570.71744613,862,15.84204000,302240.70197515
2020-11-25 13:57:00,19081.31000000,19081.31000000,19063.18000000,19070.03000000,27.44720900,1606330679999,523437.00816216,722,11.76925000,224447.39801806
2020-11-25 13:58:00,19070.03000000,19070.98000000,19054.98000000,19068.28000000,13.68072800,1606330739999,260822.72539195,583,9.10077800,173510.86112934
2020-11-25 13:59:00,19070.41000000,19075.74000000,19052.17000000,19056.67000000,21.59931400,1606330799999,411738.56973267,691,10.49774500,200078.21987614
2020-11-25 14:00:00,19056.68000000,19076.63000000,19056.67000000,19069.90000000,40.91121900,1606330859999,780179.29012395,823,17.66153300,336776.09364043
2020-11-25 14:01:00,19069.91000000,19069.95000000,19056.73000000,19068.81000000,31.65010000,1606330919999,603344.41855616,753,13.76090600,262318.90832976
2020-11-25 14:02:00,19068.80000000,19076.64000000,19060.10000000,19075.42000000,28.60340300,1606330979999,545421.82517466,729,19.80679300,377673.43272263
2020-11-25 14:03:00,19075.42000000,19107.70000000,19075.41000000,19098.71000000,42.45601500,1606331039999,810633.46443313,1178,23.87008200,455742.85431150
2020-11-25 14:04:00,19098.71000000,19102.58000000,19086.63000000,19091.09000000,34.22126500,1606331099999,653471.72188168,780,25.67773500,490338.07676436
2020-11-25 14:05:00,19091.09000000,19105.00000000,19087.96000000,19102.85000000,18.05159500,1606331159999,344744.27088948,607,8.46605700,161684.32733207
2020-11-25 14:06:00,19102.85000000,19105.00000000,19094.01000000,19094.01000000,37.43261700,1606331219999,714978.78753252,889,10.90911900,208385.71728785
2020-11-25 14:07:00,19094.02000000,19108.87000000,19080.76000000,19084.06000000,42.64732200,1606331279999,814457.18444189,989,23.68517600,452391.52259008
2020-11-25 14:08:00,19084.07000000,19089.06000000,19062.10000000,19063.79000000,34.98630400,1606331339999,667297.68342936,895,14.48879800,276336.30013281
2020-11-25 14:09:00,19063.79000000,19072.06000000,19060.41000000,19067.36000000,16.30860800,1606331399999,310925.11904414,693,7.79232900,148559.63051430
2020-11-25 14:10:00,19067.37000000,19068.89000000,19060.41000000,19066.25000000,14.90573300,1606331459999,284173.80225365,454,5.87901000,112078.40704470
2020-11-25 14:11:00,19066.25000000,19070.00000000,19060.41000000,19063.27000000,21.33425700,1606331519999,406745.90808833,820,14.06484600,268154.52274317
2020-11-25 14:12:00,19063.52000000,19075.60000000,19061.00000000,19063.81000000,22.95634000,1606331579999,437749.31976137,862,14.80495500,282309.44258419
2020-11-25 14:13:00,19063.80000000,19080.83000000,19062.13000000,19071.39000000,17.08782400,1606331639999,325889.56365384,606,7.07333300,134897.23053262
2020-11-25 14:14:00,19071.38000000,19080.77000000,19071.38000000,19074.62000000,20.01364800,1606331699999,381771.74133132,778,6.92387000,132068.70588106
2020-11-25 14:15:00,19074.62000000,19084.55000000,19070.00000000,19079.93000000,20.33492100,1606331759999,387932.15987118,745,12.17952500,232346.77408477
2020-11-25 14:16:00,19079.94000000,19120.89000000,19077.70000000,19120.88000000,56.44004600,1606331819999,1078223.44923650,1008,41.93881100,801230.91692778
2020-11-25 14:17:00,19120.89000000,19125.00000000,19096.63000000,19114.90000000,72.13723000,1606331879999,1378770.15358682,1153,33.06594500,631925.75828345
2020-11-25 14:18:00,19114.89000000,19119.99000000,19104.51000000,19108.98000000,46.84523300,1606331939999,895416.86812577,766,23.25967800,444580.43581028
2020-11-25 14:19:00,19108.98000000,19111.86000000,19100.25000000,19102.57000000,26.51624500,1606331999999,506634.51852874,966,12.60653500,240868.87622919
2020-11-25 14:20:00,19102.56000000,19104.45000000,19084.53000000,19091.35000000,44.59653700,1606332059999,851560.84631608,747,18.78163100,358575.09628949
2020-11-25 14:21:00,19091.34000000,19095.40000000,19060.00000000,19061.57000000,38.56650600,1606332119999,735740.92668746,1034,14.78951800,282065.33490315
2020-11-25 14:22:00,19061.57000000,19061.57000000,19041.25000000,19047.96000000,53.40301600,1606332179999,1017255.93844269,1106,15.33951600,292207.45232395
2020-11-25 14:23:00,19047.95000000,19050.00000000,19027.33000000,19034.79000000,62.96924400,1606332239999,1198880.88976280,1444,23.18279900,441342.70978402
2020-11-25 14:24:00,19032.01000000,19039.99000000,19000.79000000,19010.43000000,70.52874100,1606332299999,1341170.52397287,1458,35.72159500,679343.46914332
2020-11-25 14:25:00,19010.43000000,19010.44000000,18960.00000000,18984.96000000,167.56186400,1606332359999,3181059.34054268,2321,75.19633900,1427358.30954992
2020-11-25 14:26:00,18984.95000000,18984.96000000,18963.70000000,18979.19000000,71.58378900,1606332419999,1358245.96763725,1369,42.66023800,809416.03301080
2020-11-25 14:27:00,18979.20000000,19000.00000000,18978.62000000,18978.62000000,72.74560800,1606332479999,1381539.36212451,1097,50.40842900,957267.17142385
2020-11-25 14:28:00,18978.61000000,18988.88000000,18968.97000000,18973.74000000,38.25897400,1606332539999,726032.78507652,969,17.87794700,339255.81517866
2020-11-25 14:29:00,18973.74000000,19005.90000000,18973.73000000,19003.84000000,56.49925600,1606332599999,1073195.48084494,1455,28.41011900,539578.29216395
2020-11-25 14:30:00,19003.85000000,19014.75000000,18978.19000000,18978.19000000,46.93566400,1606332659999,892023.45028943,1100,20.44126300,388490.65932371
2020-11-25 14:31:00,18978.20000000,18985.99000000,18970.00000000,18979.36000000,60.10859800,1606332719999,1140606.07595931,1139,37.20227800,705936.95928745
2020-11-25 14:32:00,18979.36000000,18998.00000000,18979.36000000,18987.38000000,33.28874900,1606332779999,632090.65777936,916,12.17879100,231246.20070980
2020-11-25 14:33:00,18987.38000000,18990.00000000,18980.01000000,18986.47000000,34.70105300,1606332839999,658833.78905206,874,14.95436900,283918.55604230
2020-11-25 14:34:00,18986.48000000,18998.87000000,18986.48000000,18994.98000000,50.76146800,1606332899999,964034.97130630,724,40.79256600,774684.72049976
2020-11-25 14:35:00,18994.97000000,19006.63000000,18971.00000000,18972.71000000,31.93455700,1606332959999,606364.73941339,1083,14.70897800,279338.02961634
2020-11-25 14:36:00,18972.70000000,18980.58000000,18966.63000000,18967.01000000,34.67792600,1606333019999,657854.41166517,1068,19.90221600,377545.60904669
2020-11-25 14:37:00,18967.01000000,18981.18000000,18945.94000000,18979.20000000,86.82943300,1606333079999,1646179.84431438,1550,36.35955200,689347.76170938
2020-11-25 14:38:00,18979.21000000,19003.78000000,18971.94000000,19000.63000000,45.65150300,1606333139999,866839.77815454,1395,29.93716100,568429.55164101
2020-11-25 14:39:00,19000.63000000,19008.49000000,18987.28000000,18990.56000000,45.95729900,1606333199999,873057.53480299,1423,23.85844400,453229.00684845
2020-11-25 14:40:00,18990.55000000,18995.83000000,18980.93000000,18983.89000000,41.30542900,1606333259999,784362.02418806,926,22.33877700,424202.60999777
2020-11-25 14:41:00,18983.89000000,18994.13000000,18968.08000000,18970.88000000,48.80942300,1606333319999,926379.20819998,988,18.89314500,358591.98257380
2020-11-25 14:42:00,18970.88000000,18981.59000000,18968.67000000,18975.20000000,25.67741600,1606333379999,487192.13815972,798,12.03627200,228368.72344935
2020-11-25 14:43:00,18974.02000000,18981.41000000,18943.71000000,18943.73000000,70.86823100,1606333439999,1343857.98516224,1356,34.96576800,663111.40745738
2020-11-25 14:44:00,18943.72000000,18946.63000000,18902.59000000,18908.05000000,127.24060300,1606333499999,2407959.30519903,2479,45.54731000,861878.65051259
2020-11-25 14:45:00,18906.99000000,18948.75000000,18896.28000000,18947.63000000,140.44126500,1606333559999,2655836.85368350,2207,76.64463900,1449576.05753675
2020-11-25 14:46:00,18946.29000000,18970.18000000,18940.04000000,18953.40000000,60.40370700,1606333619999,1145059.83566127,1540,28.39784900,538317.39514177
2020-11-25 14:47:00,18953.39000000,18972.86000000,18953.39000000,18965.29000000,47.74796500,1606333679999,905558.75215802,1320,21.85806000,414508.15811990
2020-11-25 14:48:00,18965.30000000,18989.35000000,18965.30000000,18974.02000000,50.27514900,1606333739999,954145.83889205,1257,28.74504600,545531.03360283
2020-11-25 14:49:00,18974.02000000,18984.39000000,18972.03000000,18975.97000000,30.73100800,1606333799999,583286.58609023,797,18.95339500,359737.18872401
2020-11-25 14:50:00,18975.97000000,18994.13000000,18975.97000000,18984.57000000,45.22904000,1606333859999,858686.23050884,1115,21.18608200,402209.27014424
2020-11-25 14:51:00,18984.58000000,18986.52000000,18970.00000000,18971.83000000,33.56614900,1606333919999,636974.65577859,815,15.88162900,301375.23305048
2020-11-25 14:52:00,18971.84000000,18987.54000000,18971.83000000,18986.56000000,23.12106100,1606333979999,438847.93893764,725,8.45272300,160439.65380666
2020-11-25 14:53:00,18986.55000000,19017.00000000,18986.55000000,19013.87000000,72.42504700,1606334039999,1376120.78314480,1372,51.50996100,978655.62261871
2020-11-25 14:54:00,19013.88000000,19016.07000000,18992.36000000,19004.11000000,36.93148500,1606334099999,701656.00586602,765,17.43496800,331248.39152907
2020-11-25 14:55:00,19004.11000000,19006.66000000,18978.05000000,18978.26000000,24.94637900,1606334159999,473817.78866605,821,12.60802900,239456.57933793
2020-11-25 14:56:00,18978.27000000,19000.00000000,18978.26000000,18997.96000000,24.10405100,1606334219999,457719.28754802,760,12.58784400,239016.72829923
2020-11-25 14:57:00,18997.96000000,18999.96000000,18990.54000000,18996.29000000,16.97959900,1606334279999,322532.99829568,866,8.79005500,166963.17529967
2020-11-25 14:58:00,18996.29000000,19000.00000000,18990.00000000,18993.23000000,26.50590900,1606334339999,503455.10136622,731,14.59555500,277218.51043114
2020-11-25 14:59:00,18993.22000000,18998.17000000,18981.28000000,18981.29000000,46.82284300,1606334399999,889158.28154270,959,21.40485500,406463.08111464
2020-11-25 15:00:00,18981.29000000,18987.26000000,18944.67000000,18946.57000000,97.02972100,1606334459999,1841134.84762142,1268,32.94712400,625139.76237385
2020-11-25 15:01:00,18946.58000000,19087.00000000,18943.66000000,19066.56000000,207.62617100,1606334519999,3948782.05964136,2931,123.02195400,2339821.74217458
2020-11-25 15:02:00,19065.41000000,19096.63000000,19028.40000000,19031.59000000,106.90037700,1606334579999,2037526.74939178,1902,52.21664000,995388.29044858
2020-11-25 15:03:00,19031.65000000,19052.79000000,19027.63000000,19033.81000000,49.82042800,1606334639999,948466.34935995,1105,30.11606200,573274.84526047
2020-11-25 15:04:00,19033.80000000,19049.02000000,19023.72000000,19026.63000000,40.04202200,1606334699999,762195.27864147,982,22.24189000,423355.99290821
2020-11-25 15:05:00,19027.42000000,19046.68000000,19015.98000000,19015.98000000,34.32538900,1606334759999,653238.21370249,816,14.62421700,278290.64424853
2020-11-25 15:06:00,19015.99000000,19015.99000000,18910.92000000,18978.18000000,111.62146800,1606334819999,2117356.92061739,1495,21.67897900,411809.35133811
2020-11-25 15:07:00,18978.18000000,18999.43000000,18969.40000000,18981.20000000,61.18284400,1606334879999,1161332.17262123,1389,35.35416700,671039.49891579
2020-11-25 15:08:00,18980.06000000,18980.06000000,18960.58000000,18960.59000000,33.96743700,1606334939999,644346.89572717,810,13.24698700,251273.39161865
2020-11-25 15:09:00,18960.59000000,18977.11000000,18950.00000000,18958.64000000,43.72497000,1606334999999,829133.81057754,928,15.18261600,287904.25233833
2020-11-25 15:10:00,18958.64000000,18973.93000000,18950.38000000,18955.71000000,35.30321000,1606335059999,669441.32472413,914,12.96385400,245797.23034511
2020-11-25 15:11:00,18955.72000000,18957.61000000,18888.00000000,18922.70000000,108.79069200,1606335119999,2058305.47235267,1888,34.07078400,644581.93069869
2020-11-25 15:12:00,18922.71000000,18956.70000000,18922.71000000,18927.93000000,135.13631900,1606335179999,2559622.68645198,1294,99.14311300,1878016.50947835
2020-11-25 15:13:00,18927.93000000,18932.53000000,18884.30000000,18887.26000000,114.75387500,1606335239999,2169163.87765452,1625,64.24966900,1214609.30431837
2020-11-25 15:14:00,18887.26000000,18918.21000000,18884.00000000,18906.15000000,80.09624700,1606335299999,1514031.79885093,1666,28.42784900,537299.57086172
2020-11-25 15:15:00,18906.81000000,18908.08000000,18868.00000000,18872.07000000,179.21278500,1606335359999,3384517.05620348,2198,84.70551000,1599788.71833205
2020-11-25 15:16:00,18869.88000000,18880.64000000,18851.00000000,18870.41000000,86.78076900,1606335419999,1637149.22070001,2134,41.19390000,777190.70456619
2020-11-25 15:17:00,18870.40000000,18889.56000000,18858.10000000,18865.71000000,78.36945700,1606335479999,1479057.79591850,1520,32.45525100,612535.74202160
2020-11-25 15:18:00,18865.71000000,18891.58000000,18865.71000000,18872.79000000,65.74422600,1606335539999,1241228.14920626,1329,39.02547100,736738.88865350
2020-11-25 15:19:00,18872.80000000,18909.02000000,18872.79000000,18909.02000000,56.20987600,1606335599999,1061705.70450165,1195,29.53336300,557914.77505021
2020-11-25 15:20:00,18909.02000000,18934.49000000,18909.01000000,18921.30000000,49.04637700,1606335659999,928020.14525964,1255,26.43416100,500137.66535523
2020-11-25 15:21:00,18921.12000000,18931.10000000,18911.71000000,18915.63000000,41.73502100,1606335719999,789699.16113771,821,16.09770800,304651.62786373
2020-11-25 15:22:00,18915.63000000,18930.21000000,18901.97000000,18911.01000000,70.05133300,1606335779999,1325151.09436717,965,43.17504100,816761.70510231
2020-11-25 15:23:00,18911.01000000,18916.85000000,18895.33000000,18895.33000000,63.43126200,1606335839999,1199214.52595915,1146,17.45550800,330024.37805866
2020-11-25 15:24:00,18895.34000000,18917.37000000,18890.00000000,18915.66000000,40.90984400,1606335899999,773406.45263525,1155,14.59171100,275846.94753341
2020-11-25 15:25:00,18915.65000000,18941.77000000,18908.35000000,18929.97000000,45.37213900,1606335959999,858701.75490708,968,18.36296200,347564.06399050
2020-11-25 15:26:00,18929.97000000,18939.95000000,18926.91000000,18932.20000000,38.12500500,1606336019999,721801.61202780,910,16.14213600,305612.82381208
2020-11-25 15:27:00,18932.21000000,18949.99000000,18932.20000000,18949.59000000,44.32441100,1606336079999,839686.07068725,1048,16.99559000,321981.35694995
2020-11-25 15:28:00,18949.59000000,18949.60000000,18920.00000000,18922.47000000,34.69276400,1606336139999,657002.49095827,690,8.83143600,167271.47975876
2020-11-25 15:29:00,18922.47000000,18922.48000000,18905.00000000,18908.51000000,63.04074800,1606336199999,1192199.28157812,880,17.12215700,323755.70547832
2020-11-25 15:30:00,18908.51000000,18917.10000000,18888.00000000,18888.00000000,65.10456100,1606336259999,1230594.95676533,1050,27.42832800,518455.26209205
2020-11-25 15:31:00,18888.01000000,18888.01000000,18850.17000000,18876.98000000,75.55507800,1606336319999,1425410.30856557,1905,33.31827000,628595.63769771
2020-11-25 15:32:00,18876.97000000,18895.34000000,18876.97000000,18894.37000000,24.00817700,1606336379999,453424.51010696,651,11.55666200,218228.27254852
